U+E46E		rows_1_ru
U+E46F		rows_1_en
U+E470		rows_2_ru
U+E471		rows_2_en
U+E472		rows_3_ru
U+E473		rows_3_en
U+E474		rows_4_ru
U+E475		rows_4_en
U+E476		rows_5_ru
U+E477		rows_5_en
U+E478		rows_6_ru
U+E479		rows_6_en
U+E47A		biomes_ru
U+E47B		biomes_en
U+E47C		arenas_ru
U+E47D		arenas_en
U+E47E		queue_ru
U+E47F		queue_en
U+E480		settings_ru
U+E481		settings_en
U+E482		kit_settings_ru
U+E483		kit_settings_en
U+E484		cooldowns_ru
U+E485		cooldowns_en
U+E486		presets_ru
U+E487		presets_en
U+E488		layout_ru
U+E489		layout_en
U+E48A		ppk_home_ru
U+E48B		ppk_home_en
