U+E1A8		rows_1
U+E1A9		rows_2
U+E1AA		rows_3
U+E1AB		rows_4
U+E1AC		rows_5
U+E1AD		rows_6
U+E1AE		biomes
U+E1AF		arenas
U+E1B0		queue
U+E1B1		settings
U+E1B2		kit_settings
U+E1B3		cooldowns
U+E1B4		presets
U+E1B5		layout
U+E1B6		offset_minus_8
U+E1B7		offset_minus_169
U+E265		title_A
U+E266		title_B
U+E267		title_C
U+E268		title_D
U+E269		title_E
U+E26A		title_F
U+E26B		title_G
U+E26C		title_H
U+E26D		title_I
U+E26E		title_J
U+E26F		title_K
U+E270		title_L
U+E271		title_M
U+E272		title_N
U+E273		title_O
U+E274		title_P
U+E275		title_Q
U+E276		title_R
U+E277		title_S
U+E278		title_T
U+E279		title_U
U+E27A		title_V
U+E27B		title_W
U+E27C		title_X
U+E27D		title_Y
U+E27E		title_Z
U+E27F		title_А
U+E280		title_Б
U+E281		title_В
U+E282		title_Г
U+E283		title_Д
U+E284		title_Е
U+E285		title_Ё
U+E286		title_Ж
U+E287		title_З
U+E288		title_И
U+E289		title_Й
U+E28A		title_К
U+E28B		title_Л
U+E28C		title_М
U+E28D		title_Н
U+E28E		title_О
U+E28F		title_П
U+E290		title_Р
U+E291		title_С
U+E292		title_Т
U+E293		title_У
U+E294		title_Ф
U+E295		title_Х
U+E296		title_Ц
U+E297		title_Ч
U+E298		title_Ш
U+E299		title_Щ
U+E29A		title_Ъ
U+E29B		title_Ы
U+E29C		title_Ь
U+E29D		title_Э
U+E29E		title_Ю
U+E29F		title_Я
U+E2A0		title_0
U+E2A1		title_1
U+E2A2		title_2
U+E2A3		title_3
U+E2A4		title_4
U+E2A5		title_5
U+E2A6		title_6
U+E2A7		title_7
U+E2A8		title_8
U+E2A9		title_9
U+E2AA		title_-
U+E2AB		title__
U+E2AC		title_.
U+E2AD		title_:
U+E2AE		title_/
U+E2AF		title_#
U+E2B0		title_[
U+E2B1		title_]
U+E2B2		title_(
U+E2B3		title_)
U+E2B4		title_+
U+E2B5		title_?
U+E2B6		title_'
U+E2B7		title_,
U+E2B8		title_|
U+E2B9		title_!
U+E2BA		title_•
U+E2E3		word_space_3px
U+E2E4		alignment_1px
